﻿"Email","Name","Total Opens","Total Clicks","Phone","OtherPhone","Mobile","Company",
"pres@capitalfundsgroup.com","Eric Barnes","175","0","","","","",
"swl@transfaccapital.com","Whitt Lee","48","3","","","","",
"lance@bravocapitalllc.com","Lance Wright","30","0","(512) 258-6700","(512) 538-2252","(512) 413-0566","TEAM Funding Solutions",
"michael.fogarty@regions.com","Michael Fogarty","20","0","","","","Regions Business Capital",
"danmorcom@hotmail.com","Daniel Morcom","7","0","","","","",
"peter.appello@capitalone.com","Peter Appello","7","0","(631) 531-2457","","","Capital One, N.A.",
"timothy.j.gill@baml.com","Timothy Gill","5","0","","","","",
"tony.cummings@wellsfargo.com","Tony Cummings","5","0","(713) 576-2361","","(713) 444-2015","Wells Fargo",
"jenny@researchthinktank.com","Jenny Wetshtein","4","0","","","","",
"mtdabolish@yahoo.com","Tara Dabolish","4","0","","","","",
"lmatherne@bankofzachary.com","Lyle Matherne","4","0","","","","",
"fucsko@att.net","Donna Fucsko","4","0","","","","Wells Fargo Capital Finance",
"jon.smith@capitalone.com","Jonathan Smith","4","0","(212) 764-8335","","","Capital One, N.A.",
"advleasing@aol.com","Tom Baker","4","0","(405) 603-6842","","","Advanced Equipment Leasing, Inc.",
"jill.williams@3winc.com","Jill Williams","4","0","(214) 871-3303","","(214) 415-3516","3W Inc",
"myers1time@gmail.com","Chad Myers","3","0","","","","",
"tom.whatley.hoa@gmail.com","Tom Whatley","3","0","","","","",
"paulosmail@aol.com","Paul Walters","3","0","","","","",
"jsloane@trianglecapitalaccess.com","Jeffrey Sloane","3","0","","","","",
"gkealey2004@yahoo.com","Greg Kealey","3","0","","","","",
"anewbern@mindspring.com","Alan Newburn","3","0","","","","",
"finchs1@cox.net","John Finch","3","0","","","","",
"dgregory564@gmail.com","Doug Gregory","3","0","","","","Golden Gate Financial Services, Inc.",
"michtrejo@yahoo.com","Michael Trejo","3","0","","","(832) 390-7993","iberia Bank",
"adam.donahue@capitalone.com","Adam Donahue","3","0","(972) 364-6835","","(214) 460-9411","Capital One, N.A.",
"JackKearney@DumasPartners.com","John (Jack) Kearney","3","0","(214) 274-9189","","","Dumas Capital Partners, LLC",
"duncang2@live.com","Gail Duncan","3","0","512-864-3161","","","Creative Funding Sources",
"tw@mohledesign.com","T.W. Mohle","3","0","832-300-4900","","","Mohle Sharp Architects, LLC",
"amoran@morangroup.us","Alfred J. Moran, Jr.","3","0","(713) 725-3101","","","The Moran Group, LLC",
"cindy.haygood@capitalone.com","Cindy Haygood","3","0","(225) 381-8873","","","Capital One, N.A.",
"babuj@vaproducts.net","Babu Jayaram","3","0","","","2145648459","",
"sergio.rivas@bankofamerica.com","Sergio Rivas","2","0","","","","",
"mcsanna@gmail.com","Matthew Sanna","2","0","","","","",
"jalainecarden@yahoo.com","Jalaine Carden","2","0","","","","",
"roberto@elimarinternational.com","Roberto Zukelman","2","0","","","","",
"eric.scharff1@gmail.com","Eric Scharff","2","0","","","","",
"richard@fecltd.net","Richard Lewis","2","0","","","","",
"djenkins@dunwoodyam.com","David Jenkins","2","0","","","","",
"damonleejones@hotmail.com","Damon Jones","2","0","","","","",
"barry.shulman@princetonsearch.com","Barry Shulman","2","0","","","","",
"barry.shulman@princetonone.com","Barry Shulman","2","0","","","","",
"hgburris77@hotmail.com","Heather","2","0","","","","",
"fghannadian@ut.edu","Frank Ghannadian","2","0","","","","",
"dglidden@corepointpartners.com","Deby K Glidden","2","0","","","","",
"tbrinkley@rivierafinance.com","Thomas Brinkley","2","0","","","","",
"marc.c.burch@gmail.com","Marc Burch","2","0","","","","",
"eduardo@orbitalinsulationcorp.com","Eduardo Gracian","2","0","","","","",
"scott.newcomer@bxs.com","Scott Newcomer","2","0","","","","",
"dbottner@myinvestorsbank.com","Doug Bottner","2","0","","","","",
"steve.sheffield@capitalonebank.com","Stephen Sheffield","2","0","(713) 435-5420","","","Capital One, N.A.",
"jimp@bvsbdc.org","Jim Pillans","2","0","979-260-5222","","","Brazos Valley SBDC",
"winston@dfjmercury.com","Winston Gilpin","2","0","(713) 715-6820","","","DFJ Mercury",
"jgriffing@griffing.com","James Griffing","2","0","281-491-8866","","","Griffing & Company, PC",
"jgomez5@uh.edu","Jesus Gomez","2","0","(281) 499-4012","","","U of H Small Business Development Center",
"flummis@platformllc.com","Fred Lummis","2","0","(713) 335-2300","","","Platform Partners",
"mark.montgomery@bbvacompass.com","Mark Montgomery","2","0","(713) 966-2318","","713-253-4038","BBVA Compass",
"oncall2010@yahoo.com","Darrell Jarman","2","0","","","","Mobile Notary Signing Group",
"robert.roane@capitalone.com","Robert Roane","2","0","(240) 497-7754","","(240) 419-7898","Capital One, N.A.",
"rebecca.castillo@capitalone.com","Rebecca Castillo","2","0","","","(956) 365-6259","Capital One, N.A.",
"penny.lirette@capitalone.com","Penny Lirette","2","0","(985) 876-8228","","","Capital One, N.A.",
"david.denbina@capitalone.com","Dave Denbina, P.E.","2","0","(713) 435-7109","","(713) 818-7227","Capital One, N.A.",
"andy.taylor@bxs.com","Andy Taylor","2","0","(318) 795-3031","","","BancorpSouth",
"eclark@chartercapitalusa.com","Ed Clark","2","0","(713) 960-1818","","(713) 444-5391","Charter Capital Holdings LP",
"danielt@bentwoodfinancial.com","Daniel Trevino","2","1","(800) 915-7850","","(817) 905-1090","Bentwood Financial Group, LLC",
"choey@linkcrest.com","Charles Hoey","2","0","972-818-8610","","972-839-5890","Link Crest Capital, Inc.",
"abagwell@mercantilcb.com","Alan Bagwell","2","0","","","(281) 795-4537","Mercantil Commercebank",
"ahosack@transcommercialcapital.com","Allen Hosack","2","0","(972) 722-5675","","(972) 358-1886","Trans Commercial Capital",
"gmilligan@harneypartners.com","Gregory Milligan","2","0","512-892-0803","","512-626-1818","Harney Management Partners LLC",
"steve.sheffield@capitalone.com","Steve Sheffield","2","0","(713) 435-5420","","","Capital One, N.A.",
"markus.villanueva@capitalone.com","Markus Villanueva","2","0","(956) 698-3212","","(956) 698-3210","Capital One, N.A.",
"financing.lemar@gmail.com","Chuck Lemar","2","1","(978) 400-1628","","","Lemar Financing and Leasing, LLC",
"yasmin.elkhatib@capitalone.com","Yasmin Elkhatib","2","0","(713) 435-5265","","(713) 384-9348","Capital One, N.A.",
"wdwstar@peoplepc.com","Doug Webb","2","0","","","","Cash Consolidated Systems",
"s.williams@focusmg.com","Sam Williams","2","0","(214) 295-3062","","","Focus Management Group",
"laura.lacoste@capitalone.com","Laura Lacoste","2","0","(504) 533-6223","","(504) 451-0349","Capital One, N.A.",
"becky.gueniot@capitalone.com","Becky Gueniot","2","0","(985) 857-2697","","","Capital One, N.A.",
"wade.schlueter@wellsfargo.com","Wade Schlueter","1","0","","","","",
"vaughnl@smicompanies.com","Vaughn Lane","1","0","","","","",
"stuartwrba@gulfbank.com","Stuart Wrba","1","1","","","","",
"stvswanson@yahoo.com","Steve Swanson","1","0","","","","",
"stownsend@rivierafinance.com","Scott Townsend","1","0","","","","",
"rbtech914@gmail.com","Robert Bocock","1","0","","","","",
"max@crambcorp.com","Max Ezeji","1","0","","","","",
"kennymskeen@gmail.com","Ken Skeen","1","0","","","","",
"jim.rakos@wellsfargo.com","Jim Rakos","1","0","","","","",
"craig.s.bassel@wellsfargo.com","Craig Bassel","1","0","","","","",
"cmpfirgrl@gmail.com","Emma Brown","1","0","","","","",
"chrisga82@gmail.com","Christopher Guttery","1","0","","","","",
"chrisryan1972@yahoo.com","Chris Ryan, LEED AP BD+C","1","0","","","","",
"brianchillinsky@hotmail.com","Brian Chillinsky","1","0","","","","",
"bccunningham@live.com","Brian Cunningham","1","0","","","","",
"mrs.jonnala@gmail.com","Amanda Jonnala","1","0","","","","",
"info@americanfundingllc.com","American Funding Group LLC","1","0","","","","",
"steve.turner@baml.com","Steve Turner","1","0","","","","",
"lthorpe@lsq.com","Lisa Thorpe","1","0","","","","",
"btuckerccc@msn.com","Brian Tucker","1","0","","","","",
"jayzito@comcast.net","Jay Zito","1","0","","","","",
"dw5055@aol.com","Doug Ward","1","0","","","","",
"ljsgrits@gmail.com","Laura Shoemaker","1","0","","","","",
"jshafe@careertrain.com","Jimmy Shafe","1","0","","","","",
"eric@nycreditinc.com","Eric Shaw","1","0","","","","",
"ysacks01@gmail.com","Jacob Sacks","1","0","","","","",
"walter@lehmannmfg.com","Walter Lehmann","1","1","","","","",
"t.pruban@focusmg.com","J Pruban","1","0","","","","",
"starmyers@aol.com","Katherine Myers","1","0","","","","",
"shawn.rader@lowndes-law.com","Shawn Rader","1","0","","","","",
"shawn.janko@baml.com","Richard Shawn Janko","1","0","","","","",
"pmaglione@alliedfinancialcorp.com","Pete Maglione","1","0","","","","",
"peterson0930@aol.com","Missy Peterson","1","0","","","","",
"peter.strauss@baml.com","Peter Strauss","1","0","","","","",
"penny@links-financial.com","Penny Hulbert","1","1","","","","",
"mlandes@gatewaytradecap.com","Mark Landes","1","0","","","","",
"matthew.hughes@pnc.com","Matthew Hughes","1","0","","","","",
"karina@turbinetool.com","Karina","1","0","","","","",
"jerrym@thereceiver.net","Gerard Jr","1","0","","","","",
"james.perrotta09@comcast.net","James Perrotta","1","0","","","","",
"investmentquest@gmail.com","Fred Lacey","1","0","","","","",
"firerehab@hotmail.com","Eric S","1","0","","","","",
"esaforo@customproductsintl.com","Emmanuel Saforo","1","0","","","","",
"erin4ca@yahoo.com","Erin Hottinger","1","0","","","","",
"edmoore73@yahoo.com","Erica Moore","1","0","","","","",
"e.shaw@industry-icon.com","Elijah Shaw","1","0","","","","",
"dnewbold@bold-capital.com","Darren Newbold","1","0","","","","",
"dmiller@tdlstaffing.com","Debbie Miller","1","0","","","","",
"dmaner@capitalbusinesscredit.com","Dan Maner","1","1","","","","",
"dillonpowell107@gmail.com","Dillon Powell","1","0","","","","",
"cpoms@lsq.com","Craig Poms","1","0","","","","",
"clayosteen@coffeebeverage.com","Clay O'Steen","1","0","","","","",
"carl_tangness@administaff.com","Carl Tangness","1","0","","","","",
"bmcdermott@mcdfs.com","Bill McDermott","1","0","","","","",
"beth.riddle@baml.com","Beth Riddle","1","0","","","","",
"aruud@lsq.com","Alan Ruud","1","3","","","","",
"andrew.scheirer@scheirerwealthmgt.com","Andrew Scheirer","1","0","","","","",
"rldobbs2@yahoo.com","Rob Dobbs","1","0","","","","",
"rgill12th@comcast.net","Bob and Sandy Gill","1","0","","","","",
"rdavis@iplacement.com","Randy Davis","1","0","","","","",
"mgoldstein@hgpvaluation.com","Michael B. Goldstein","1","0","","","","",
"maria.hill@innovate.gatech.edu","Maria Hill","1","0","","","","",
"jwarren@bushross.com","Jeffrey Esq","1","0","","","","",
"john@johnhealy.net","John Healy","1","0","","","","",
"herzognn@aol.com","E. Herzog","1","0","","","","",
"gwh@geniconendo.com","Gary Haberland","1","0","","","","",
"gilllandscaping@hotmail.com","Adam Gill","1","0","","","","",
"frndzbrrgn@aol.com","Jesus Fernandez, Jr.","1","0","","","","",
"fflores@dss-staffing.com","Fred Flores","1","0","","","","",
"dpauli@corpfinsolve.com","CPA Debra Pauli","1","0","","","","",
"dld@equity-south.com","Doug Diamond","1","0","","","","",
"dderango@rivierafinance.com","Dave Derango","1","0","","","","",
"bim@brendgen.com","Frank Forque","1","0","","","","",
"bheston@mccollpartners.com","W. Brad Heston","1","0","","","","",
"bevnbill79@hotmail.com","Bill DeVuono","1","0","","","","",
"adecuir@att.net","Al DeCuir","1","0","","","","",
"tcondrey@dstonline.com","Tommy Condrey","1","0","","","","",
"tanyaf@transfaccapital.com","Tanya Fontenot","1","0","","","","",
"tandrew@andrewgc.com","Todd Andrew","1","0","","","","",
"selectiveloans@aol.com","Patty Barton","1","0","","","","",
"rcfcentral@hotmail.com","Frank Coco","1","0","","","","",
"pchan@selectquote.com","Pia Chan","1","0","","","","",
"mcochran@mckennalong.com","Michael Cochran","1","0","","","","",
"mark@cantoradvisors.com","Mark Cantor","1","0","","","","",
"kiran@iusjuris.com","Kiran Chhaganlal","1","0","","","","",
"hcluna7@hotmail.com","Henry Canino","1","0","","","","",
"elizabethcosta10@gmail.com","Elizabeth Costa","1","0","","","","",
"cgowin@live.com","Cgowin","1","0","","","","",
"bcarroll@carrollcpa.net","Bradley Carroll","1","0","","","","",
"jon@paragonfinancial.net","Jon Anselma","1","0","","","","",
"george@onesourcerm.com","George Babeu","1","0","","","","",
"crnhskr4lf@gmail.com","Jeff Albright","1","0","","","","",
"seappraise@aol.com","Alex ASA","1","0","","","","",
"mark.brewster@capitalone.com","Mark Brewster","1","0","","","","",
"nraun@iconbanktx.com","Nathan Raun","1","0","","","","",
"stephen.hartman@capitalone.com","Stephen Hartman","1","0","","","","",
"richard.mccrea@lionbank.com","Richard MCCrea","1","0","","","","",
"chris@bankersadvocate.com","Chris Curtin","1","0","","","","",
"danelle.mueller@tabbank.com","DaNelle Mueller","1","0","","","","",
"tbenitez@monroyzuniga.com","Tulio Benitez","1","0","","","","",
"jeff.pfeffer@td.com","Jeff Pfeffer","1","0","","","","",
"paul.patrick@capitalone.com","Paul Patrick","1","0","","","","Capital One",
"larry@benekgroup.com","Larry St. Martin","1","0","(713) 485-5469","","(713) 446-1870","Benek Group",
"hawit.soheil@gmail.com","Soheil Hawit","1","0","5042612454","","5045038712","",
"don.hingle@b1bank.com","Donald Hingle","1","0","","","","Business First Bank",
"dforbes@midcap.com","Doug Forbes","1","0","","","","",
"bsawyer@sawyerplastics.com","Bill Sawyer","1","0","","","3183810180","Sawyer Industrial Plastics, Inc.",
"sressling@csrslaw.com","R. Ressling","1","0","713-622-7935","","","Chernosky, Smith, Ressling & Smith, PLLC",
"lisa.scoggin@capitalonebank.com","Lisa Scoggin","1","0","(713) 435-5436","","","Capital One, N.A.",
"linda.richardson@capitalonebank.com","Linda Richardson","1","0","(713) 435-5114","","(713) 824-7944","Capital One, N.A.",
"khoun.sengvanhpheng@capitalonebank.com","Khoun Sengvanhpheng","1","0","(713) 435-7303","","","Capital One, N.A.",
"collis.sanders@bbvacompass.com","Collis Sanders","1","0","713-968-8283","","","BBVA Compass",
"rancher@sterling-group.com","William Oehmig","1","1","(713) 877-8257","","","The Sterling Group",
"mpattison@straitadvisors.com","Michael Pattison","1","0","(281) 370-0736","","(832) 724-7118","StrAIT Advisors, LLC",
"samnewton@thenewtongroup.com","Sam Newton","1","0","713-248-4970","","","Sam Newton",
"nmontrone@amerifactors.com","Nicole Montrone","1","1","(407) 566-1150","","(352) 272-2467","Amerifactors Financial Group, Inc.",
"sjefferies@sterling-group.com","Shirley Jefferies","1","1","(713) 341-5704","","","The Sterling Group",
"rlfuqua@fuquakeim.com","Richard Fuqua","1","1","713-960-0277","","","Fuqua & Keim, L.L.P.",
"repley@autofinancialgroup.com","Richard Epley","1","0","(713) 812-3333","","","Auto Financial Group",
"mark@benefitconcepts.cc","Mark Kennedy","1","0","(713) 722-8779","","","Benefit Concepts Inc.",
"ljones@dg-studios.com","Lee Jones","1","0","(713) 961-3311","","(713) 898-6340","The Douglas Group",
"keith@jkeithhughey.com","J Keith Hughey","1","0","(210) 260-0955","","","J Keith Hughey",
"kathy@thebusinesslab.com","Kathy Ellis","1","0","281-374-0170","","","The Business Lab",
"jlevin@snell-levin.com","Jack Levine","1","0","713-779-0727","","","Snell Levin & Co., LLP",
"jhenderson@encorebank.com","John Henderson","1","1","","","","Encore Bank, N.A.",
"jflynn@encorebank.com","James Flynn","1","1","(713) 914-5642","","","Encore Bank, N.A.",
"james.r.lewis@oilpatchsc.com","James Lewis","1","0","(281) 340-8594","","","Oil Patch Supplies and Consulting LLC",
"ftg@pdq.net","Frank Gardner","1","0","281-398-0655","","","FTG Capital",
"fhudson@txcyber.com","Frank Hudson","1","1","979-492-6168","","","Frank Hudson",
"elite_freight@yahoo.com","Lashan Hayden","1","0","(281) 914-3677","","","Elite Transport",
"drkirshbaum@aol.com","Daniel Kirshbaum","1","0","(713) 861-1996","","","Axelrod, Smith, & Kirshbaum P.C.",
"douglas.freer@bfcoh.com","Douglas Freer","1","0","(713) 706-6124","","(832) 651-4575","Business Financial Consultants of Houston",
"bhenry@sterling-group.com","Brian Henry","1","1","(713) 877-8257","","","The Sterling Group",
"tmounce@encorebank.com","Tray Mounce","1","1","713-267-7723","","713-416-2514","Encore Bank, N.A.",
"sunny@satyainc.com","Sunny Bathija","1","0","713-789-4443","","832-545-6603","Satya Inc.",
"sshackouls@encorebank.com","Scott Shackouls","1","1","","","","Encore Bank, N.A.",
"pmoore@encorebank.com","Preston Moore","1","1","","","","Encore Bank, N.A.",
"lsahagian@encorebank.com","Lucine Sahagian","1","1","","","(713) 882-0652","Encore Bank, N.A.",
"lmcgee@encorebank.com","Libby McGee","1","1","","","","Encore Bank, N.A.",
"jsimmons@encorebank.com","Jennifer Simmons","1","1","(713) 914-5643","","","Encore Bank, N.A.",
"fcarr@sterling-group.com","Francis Carr","1","1","(713) 877-8257","","","The Sterling Group",
"dwebster@encorebank.com","David Webster","1","1","","","","Encore Bank, N.A.",
"dmunger@encorebank.com","Derek Munger","1","1","(713) 914-5658","","(713) 469-2565","Encore Bank, N.A.",
"demetrius.seaforth@capitalonebank.com","Demetrius Seaforth","1","0","(713) 735-4620","","(713) 208-5953","Capital One, N.A.",
"bill.coskey@englobal.com","Bill Coskey","1","1","(281) 878-1000","","","ENGlobal Corp",
"wharris@encorebank.com","Wes Harris","1","1","","","","Encore Bank, N.A.",
"scash@encorebank.com","Sunhi Cash","1","1","(713) 787-3120","","","Encore Bank, N.A.",
"rmasters@encorebank.com","Randy Masters","1","1","","","","Encore Bank, N.A.",
"rchen@encorebank.com","Rose Chen","1","1","(713) 787-3163","","","Encore Bank, N.A.",
"pbohls@encorebank.com","Paula Bohls","1","1","713-787-3167","","","Encore Bank, N.A.",
"jlykes@encorebank.com","Jim Lykes","1","1","(713) 914-5655","","(713) 201-4786","Encore Bank, N.A.",
"jlingor@encorebank.com","John Lingor","1","1","713-787-3135","","713-416-2514","Encore Bank, N.A.",
"jgonzales@encorebank.com","John Gonzales","1","1","","","","Encore Bank, N.A.",
"gguarino@encorebank.com","Greg Guarino","1","1","","","","Encore Bank, N.A.",
"gdavis@encorebank.com","Greg Davis","1","1","","","","Encore Bank, N.A.",
"ehelaire@encorebank.com","Elizabeth Helaire","1","1","","","","Encore Bank, N.A.",
"corporateassets@yahoo.com","Stuart Clark","1","0","(713) 787-9049","","","South West Capital",
"bull12107@yahoo.com","John Bullington","1","0","(713) 254-6771","","","Whitney Bank",
"bnpatel@aol.com","BN Patel","1","0","(281) 870-8910","","(281) 726-3068","BN Patel Consulting",
"dkaras@triumphcf.com","Dan Karas","1","0","(214) 365-6900","","","Triumph Commercial Finance",
"btweed@verizon.net","William Tweed","1","0","","","","William Tweed",
"zashton@centaurcapital.com","Zeke Ashton","1","0","(817) 488-9632","","","Centaur Capital Partners",
"william.schrauff@baml.com","William Schrauff","1","0","(713) 247-6260","","(281) 435-5137","Bank of America Merrill Lynch",
"tommy.franklin@capitalone.com","Tommy Franklin","1","0","(318) 329-2009","","","Capital One, N.A.",
"shelley.cruz@csbec.com","Shelley Cruz","1","0","+1.281.318.4603","","(713) 503-6088","Commercial State Bank of El Campo",
"scott@excap.com","Scott Coffey","1","0","(501) 932-3155","","","Exchange Capital Corporation",
"rothberg@hooverslovacek.com","Edward Rothberg","1","0","+1.713.977.8686","","(713) 416-6933","Hoover Slovacek LLP",
"rocky.simon@capitalone.com","Rocky Simon","1","0","(713) 735-4736","","","Capital One, N.A.",
"paul.davidson@capitalone.com","Paul Davidson","1","0","(713) 706-5430","","(409) 284-1097","Capital One, N.A.",
"pat@ptnoonan.com","Pat Noonan","1","0","(214) 445-4710","","","Heritage Highland",
"mballases@accordbf.com","Mike Ballases","1","0","(713) 529-2570","","(713) 444-6270","Accord Business Funding, LLC",
"mark.loughmiller@capitalone.com","Mark Loughmiller","1","0","(903) 579-9715","","","Capital One, N.A.",
"kedwards@westparkcom.net","Kathie Edwards","1","0","713-785-3238","","","Westpark Communications",
"juana.pena-torres@capitalone.com","Juana Pena-Torres","1","0","","","(646) 770-5741","Capital One, N.A.",
"joseph.seheult@capitalone.com","Joseph Seheult","1","0","(713) 435-5414","","(281) 638-7899","Capital One, N.A.",
"james.row@fivestarllc.com","James Row","1","0","713-812-9700","","713-857-6737","Port Houston Financial",
"hray@mckoolsmith.com","Hugh Ray","1","0","(212) 402-9409","","","McKool Smith",
"frederick.knodel@capitalone.com","Rick Knodel","1","0","(631) 577-2207","","","Capital One, N.A.",
"ellen.barry@capitalonebank.com","Ellen Barry","1","0","(631) 577-5956","","(631) 245-7343","Capital One, N.A.",
"dave.monaghan@capitalone.com","Dave Monaghan","1","0","(817) 788-3560","","(817) 600-0702","Capital One, N.A.",
"daniel@adherecreative.com","Daniel Vaczi","1","0","(832) 877-8492","","","Adhere Creative",
"cstrong@uh.edu","Carmen Strong","1","0","713-752-8400","","","University of Houston SBA Development Center",
"chuck.thomas@capitalone.com","Chuck Thomas","1","0","(318) 487-2197","","","Capital One, N.A.",
"chris.haskew@capitalone.com","Chris Haskew","1","0","(318) 674-3796","","(318) 347-8288","Capital One, N.A.",
"bschleizer@blackbriaradvisors.com","Bob Schleizer","1","0","(214) 483-1261","","(214) 882-8300","BlackBriar Advisors, LLC",
"brian.zapalac@capitalonebank.com","Brian Zapalac","1","0","(713) 435-5070","","","Capital One, N.A.",
"bmorgan@platformllc.com","Brad Morgan","1","0","(713) 335-2300","","","Platform Partners",
"bethany.trout@capitalone.com","Beth Trout","1","0","","","(972) 855-3670","Capital One, N.A.",
"amber.estave@capitalone.com","Amber Estave","1","0","(337) 268-4521","","","Capital One, N.A.",
"rstowell@millsandstowell.com","Richard Stowell","1","0","(713) 622-9961","","","Mills & Stowell",
"raine.huff@capitalone.com","Raine Huff","1","0","(713) 435-5354","","","Capital One, N.A.",
"msims@wkpz.com","Marilyn Sims","1","0","713-961-9045","","","Weycer, Kaplan, Pulaski & Zuber, P.C.",
"mbeaumont@greenbank.com","Meredith Beaumont","1","0","(713) 316-7000","","","Green Bank",
"lewis.gissel@capitalone.com","Lewis Gissel","1","0","(713) 435-5422","","(713) 249-6294","Capital One, N.A.",
"kristina.lund@bbvacompass.com","Kristina Lund","1","0","+1.713.993.8590","","","BBVA Compass Bank",
"jrosenthal@chartercapitalusa.com","Joel Rosenthal","1","0","+1.713.960.1818","","713-303-7109","Charter Capital Holdings LP",
"japple@sterling-group.com","Jim Apple","1","1","(713) 877-8257","","","The Sterling Group",
"mejr@austin.rr.com","Manuel Escobar","1","0","(512) 282-3726","","512-422-1683","Escobar, Inc.",
"kip@360equipmentfinance.com","Kip Amstutz","1","0","(512) 263-7235","","(512) 750-5251","Mantis Financial, LP dba 360 Equipment Finance",
"gthurman@fnbmoody.com","Glen Thurman","1","0","(254) 853-2115","","","First National Bank of Moody",
"brandon.kelley@bbvacompass.com","Brandon Kelley","1","0","","","(214) 577-5046","BBVA Compass Bank",
"bkowalchyk@treadstone.com","Brian Kowalchyk","1","0","(214) 220-1030","","","Treadstone Partners, LLC",
"pball@xroadsllc.com","John Ball","1","0","(214) 546-6141","","(214) 546-6141","XRoads Solutions Group",
"laurel.varney@capitalone.com","Laurel Varney","1","0","","","","Capital One, N.A.",
"kdrew@tibsite.com","Kevin Drew, Sr.","1","0","(800) 288-4842","","","TIB-The Independent BankersBank",
"jthompson@PHCLLC.com","Jim Thompson","1","0","(214) 237-2000","","","",
"troyzupancic@gulfbank.com","Troy Zupancic","1","1","(972) 381-2758","","(214) 923-5226","Gulf Coast Business Credit",
"russell.burch@capitalone.com","Russell Burch","1","0","(972) 362-6319","","(972) 207-0960","Capital One, N.A.",
"robert.palmer@capitalone.com","Robert Palmer","1","0","(281) 796-8456","","","Capital One, N.A.",
"mkopidlansky@munsch.com","Mark Kopidlansky","1","0","(214) 855-7580","","","Munsch Hardt Kopf & Harr, PC",
"lrash@cottoncreekcapital.com","Lee Rash","1","0","(214) 242-0700","","","Cotton Creek Capital",
"katiegerman@gulfbank.com","Katie German","1","1","","","","Gulf Coast Business Credit",
"jproler@encorebank.com","Jody Proler","1","1","","","","Cadence Bank, N.A.",
"joe.rich@bxs.com","Joe Rich","1","0","936-699-1205","","","BancorpSouth Bank",
"jeffrey.e.duclow@wellsfargo.com","Jeffrey Duclow","1","0","972-386-9912","","(817) 312-9724","Wells Fargo Capital Finance",
"jacqueline.evans@capitalone.com","Jacqueline Evans","1","0","(713) 435-7025","","(281) 229-3435","Capital One, N.A.",
"gary.siller@strasburger.com","Gary Siller","1","0","(713) 951-5663","","","Strasburger",
"djen99@hotmail.com","Dannis Jen","1","0","281-623-8052","","","Dannis Jen",
"david.king@navigant.com","David King","1","0","","","","Navigant Consulting",
"broe@acuitycxo.com","Robert Roe","1","0","+1.512.292.9690","","","Acuity CxO",
"rwhite@dalhartfederal.com","Rodney White","1","0","(806) 249-8561","","","Dalhart Federal Savings & Loan Association, SSB",
"peter.bartholow@texascapitalbank.com","Peter Bartholow","1","0","(214) 932-6600","","","Texas Capital Bank, N.A.",
"mike@kbc-associates.com","Mike Bender","1","0","","","","Mike Bender",
"mgunstenson@buzzpoints.com","Mark Gunstenson","1","0","(512) 493-0719","","","Buzz Points, Inc.",
"dngcash@aol.com","Gregory Gagner","1","0","","","","Gregory Gagner",
"bo.stahler@bcc-usa.com","John Stahler","1","0","(972) 781-2020","","","Bank Compensation Consulting, Inc.",
"awatson@encorebank.com","Amanda Watson","1","1","(713) 914-5652","","","Cadence Bank, N.A.",
"shyde@loveladystatebank.com","Sissy Hyde","1","0","936-636-7337","","","Lovelady State Bank",
"seth@thermocredit.com","Seth Block","1","0","(504) 620-3101","","(504) 975-8599","Thermo Credit, LLC",
"scott.west@capitalonebank.com","Scott West","1","0","","","(832) 683-5364","Capital One, N.A.",
"sheltonnorris@yahoo.com","Shelton Norris","1","0","","","","Norris Accounting/Title Services",
"rcloud@communitycapital.net","Richard D. Cloud","1","0","(318) 512-8857","","","Craig Taylor, Inc.",
"minaxichase@gulfbank.com","Minaxi Chase","1","1","","","","Gulf Coast Bank",
"megroberson@gulfbank.com","Meg Roberson","1","1","(512) 249-9330","","361-332-1234","Gulf Coast Business Credit",
"lguglielmo@republicbc.com","Leigh Guglielmo","1","0","(866) 722-4987","","","Republic Business Credit, LLC",
"howard.guidry@capitalone.com","Howard Guidry","1","0","(504) 533-2758","","(504) 908-1606","Capital One, N.A.",
"fdevay@chaffe-associates.com","Frank deVay","1","0","(504) 524-1801","","","Chaffe & Associates, Inc.",
"dwilliams@progressivebank.com","Dale Williams","1","0","(318) 812-5228","","","Progressive Bank",
"afrederic@republicbc.com","Allen Frederic","1","0","(866) 722-4987","","(504) 430-1643","Republic Business Credit, LLC",
"wadehladky@gulfbank.com","Wade Hladky","1","1","","","(504) 453-1465","Gulf Coast Business Credit",
"rsvicknair@fgb.net","Randy Vicknair","1","0","(985) 375-0376","","","First Guaranty Bank",
"randy.scheuermann@capitalone.com","Randy Scheuermann, Jr.","1","0","(504) 533-5295","","(504) 941-0464","Capital One, N.A.",
"drdaviddesonier@aol.com","David Desonier","1","0","(985) 223-5133","","","Momentum Capital Leasing",
"john.edmonston@capitalone.com","John Edmonston, Jr.","1","0","(225) 381-2379","","","Capital One, N.A.",
"lancenobles@gmail.com","Lance Nobles","1","0","(225) 248-7614","","(225) 278-5428","Mainstreet Bank",
